numero_cluster,manifest_url,canvas_number,image_url,City,Country,Title,wkt,Date,Journal Type,notice,group_name,group_tags
71,https://digi.ub.uni-heidelberg.de/diglit/iiif/samleren1929/manifest.json,122,"https://digi.ub.uni-heidelberg.de/iiif/2/samleren1929%3A064_bg.jpg/502,689,1339,1652/full/0/default.jpg",Copenhagen,Denmark,Samleren,POINT(12.568888888889 55.676111111111),1929-01-01,Art History,,VanGogh_Autoportrait_1889,autoportrait
71,https://gallica.bnf.fr/iiif/ark:/12148/bpt6k4226205f/manifest.json,145,"https://gallica.bnf.fr/iiif/ark:/12148/bpt6k4226205f/f146/510,480,1042,1229/full/0/default.jpg",Paris,France,L'Amour de l'art (1920),POINT(2.3513888888889 48.856944444444),1937-01-01,Modern Art Journal,,VanGogh_Autoportrait_1889,autoportrait
71,https://gallica.bnf.fr/iiif/ark:/12148/bpt6k42260903/manifest.json,202,"https://gallica.bnf.fr/iiif/ark:/12148/bpt6k42260903/f203/1613,333,1663,1955/full/0/default.jpg",Paris,France,Cahiers d'art (Paris),POINT(2.3513888888889 48.856944444444),1947-01-01,Avant-garde Journal,,VanGogh_Autoportrait_1889,autoportrait
71,https://iiif.archivelab.org/iiif/sim_computerworld_2000-10-16_34_42/manifest.json,114,"https://iiif.archivelab.org/iiif/sim_computerworld_2000-10-16_34_42$114/358,456,1701,3292/full/0/default.jpg",Framingham,United States of America,Computerworld,POINT(-71.416666666667 42.279166666667),2000-10-16,Computing,,VanGogh_Autoportrait_1889,autoportrait
86,https://digi.ub.uni-heidelberg.de/diglit/iiif/cicerone1922/manifest.json,672,"https://digi.ub.uni-heidelberg.de/iiif/2/cicerone1922%3A651.jpg/132,1197,1280,987/full/0/default.jpg",Leipzig,Germany,Der Cicerone,POINT(12.375 51.34),1922-01-01,Modern Art Journal,,VanGogh_CafeDeNuit_1888,scene_genre
86,https://gallica.bnf.fr/iiif/ark:/12148/bpt6k61110691/manifest.json,9,"https://gallica.bnf.fr/iiif/ark:/12148/bpt6k61110691/f10/36,1341,723,570/full/0/default.jpg",Paris,France,Le Bulletin de la vie artistique,POINT(2.3513888888889 48.856944444444),1920-05-15,Modern Art Journal,,VanGogh_CafeDeNuit_1888,scene_genre
86,https://gallica.bnf.fr/iiif/ark:/12148/bpt6k42260903/manifest.json,234,"https://gallica.bnf.fr/iiif/ark:/12148/bpt6k42260903/f235/185,401,3172,2534/full/0/default.jpg",Paris,France,Cahiers d'art (Paris),POINT(2.3513888888889 48.856944444444),1947-01-01,Avant-garde Journal,,VanGogh_CafeDeNuit_1888,scene_genre
86,https://gallica.bnf.fr/iiif/ark:/12148/bpt6k4226254x/manifest.json,465,"https://gallica.bnf.fr/iiif/ark:/12148/bpt6k4226254x/f466/541,540,2057,1624/full/0/default.jpg",Paris,France,L'Amour de l'art (1920),POINT(2.3513888888889 48.856944444444),1925-01-01,Modern Art Journal,,VanGogh_CafeDeNuit_1888,scene_genre
86,https://iiif.archivelab.org/iiif/sim_arts-magazine_1948-03-15_22_12/manifest.json,,"https://iiif.archivelab.org/iiif/sim_arts-magazine_1948-03-15_22_12$8/155,2887,1569,1271/full/0/default.jpg",New York City,United States of America,Arts Magazine,POINT(-74.006015 40.712728),1926-01-01,Art Journal,,VanGogh_CafeDeNuit_1888,scene_genre
89,https://digi.ub.uni-heidelberg.de/diglit/iiif/dkd1928_1929/manifest.json,221,"https://digi.ub.uni-heidelberg.de/iiif/2/dkd1928_1929%3A212.jpg/164,180,1634,793/full/0/default.jpg",Stuttgart,Germany,Deutsche Kunst und Dekoration,POINT(9.1775 48.776111111111),1928-01-01,Decorative Art,,VanGogh_corbeaux_1890,Paysage
89,https://gallica.bnf.fr/iiif/ark:/12148/bpt6k42260903/manifest.json,285,"https://gallica.bnf.fr/iiif/ark:/12148/bpt6k42260903/f286/519,2844,3067,1465/full/0/default.jpg",Paris,France,Cahiers d'art (Paris),POINT(2.3513888888889 48.856944444444),1947-01-01,Avant-garde Journal,,VanGogh_corbeaux_1890,Paysage
89,https://gallica.bnf.fr/iiif/ark:/12148/bpt6k4226339k/manifest.json,394,"https://gallica.bnf.fr/iiif/ark:/12148/bpt6k4226339k/f395/457,2681,3004,1432/full/0/default.jpg",Paris,France,L'Amour de l'art (1920),POINT(2.3513888888889 48.856944444444),1924-02-01,Modern Art Journal,,VanGogh_corbeaux_1890,Paysage
87,https://digi.ub.uni-heidelberg.de/diglit/iiif/cicerone1919/manifest.json,664,"https://digi.ub.uni-heidelberg.de/iiif/2/cicerone1919%3A0_639.jpg/212,199,1051,1383/full/0/default.jpg",Leipzig,Germany,Der Cicerone,POINT(12.375 51.34),1919-01-01,Modern Art Journal,,VanGogh_Tournesols_1888,nature_morte
87,https://gallica.bnf.fr/iiif/ark:/12148/bpt6k4226205f/manifest.json,144,"https://gallica.bnf.fr/iiif/ark:/12148/bpt6k4226205f/f145/724,475,1025,1396/full/0/default.jpg",Paris,France,L'Amour de l'art (1920),POINT(2.3513888888889 48.856944444444),1937-01-01,Modern Art Journal,,VanGogh_Tournesols_1888,nature_morte
87,https://gallica.bnf.fr/iiif/ark:/12148/bpt6k97952556/manifest.json,367,"https://gallica.bnf.fr/iiif/ark:/12148/bpt6k97952556/f368/554,388,2588,2022/full/0/default.jpg",Paris,France,Cahiers d'art (Paris),POINT(2.3513888888889 48.856944444444),1930-01-01,Avant-garde Journal,,VanGogh_Tournesols_1888,nature_morte
87,https://gallica.bnf.fr/iiif/ark:/12148/bpt6k432554v/manifest.json,437,"https://gallica.bnf.fr/iiif/ark:/12148/bpt6k432554v/f438/1450,1414,827,1080/full/0/default.jpg",Paris,France,La Revue de l'art ancien et moderne,POINT(2.3513888888889 48.856944444444),1926-01-01,Art History,,VanGogh_Tournesols_1888,nature_morte
87,https://gallica.bnf.fr/iiif/ark:/12148/bpt6k3054590b/manifest.json,70,"https://gallica.bnf.fr/iiif/ark:/12148/bpt6k3054590b/f71/3643,1734,944,1275/full/0/default.jpg",Paris,France,L'Art vivant (Paris. 1925),POINT(2.3513888888889 48.856944444444),1925-01-01,Modern Art Journal,,VanGogh_Tournesols_1888,nature_morte
90,https://digi.ub.uni-heidelberg.de/diglit/iiif/samleren1929/manifest.json,129,"https://digi.ub.uni-heidelberg.de/iiif/2/samleren1929%3A066.jpg/386,286,889,671/full/0/default.jpg",Copenhagen,Denmark,Samleren,POINT(12.568888888889 55.676111111111),1929-01-01,Art History,,VanGogh_ChampBleJaune_1889,Paysage
90,https://digi.ub.uni-heidelberg.de/diglit/iiif/cicerone1922/manifest.json,668,"https://digi.ub.uni-heidelberg.de/iiif/2/cicerone1922%3A647.jpg/149,131,1240,970/full/0/default.jpg",Leipzig,Germany,Der Cicerone,POINT(12.375 51.34),1922-01-01,Modern Art Journal,,VanGogh_ChampBleJaune_1889,Paysage
90,https://gallica.bnf.fr/iiif/ark:/12148/bpt6k6110104q/manifest.json,189,"https://gallica.bnf.fr/iiif/ark:/12148/bpt6k6110104q/f190/298,427,1835,1452/full/0/default.jpg",Paris,France,Gazette des beaux-arts (Paris. 1859),POINT(2.3513888888889 48.856944444444),1936-07-01,Art Journal,,VanGogh_ChampBleJaune_1889,Paysage
90,https://gallica.bnf.fr/iiif/ark:/12148/bpt6k42260903/manifest.json,260,"https://gallica.bnf.fr/iiif/ark:/12148/bpt6k42260903/f261/291,429,2918,2311/full/0/default.jpg",Paris,France,Cahiers d'art (Paris),POINT(2.3513888888889 48.856944444444),1947-01-01,Avant-garde Journal,,VanGogh_ChampBleJaune_1889,Paysage
273,https://digi.ub.uni-heidelberg.de/diglit/iiif/rhs1996/manifest.json,134,"https://digi.ub.uni-heidelberg.de/iiif/2/rhs1996%3A129.jpg/448,1360,909,1123/full/0/default.jpg",Warsaw,Poland,Rocznik Historii Sztuki,POINT(21.011111111111113 52.23),1996-01-01,Art History,,VanGogh_Pieta_1889,Religious subject
273,https://digi.ub.uni-heidelberg.de/diglit/iiif/cicerone1928/manifest.json,730,"https://digi.ub.uni-heidelberg.de/iiif/2/cicerone1928%3A0_695.jpg/378,1116,757,935/full/0/default.jpg",Leipzig,Germany,Der Cicerone,POINT(12.375 51.34),1928-01-01,Modern Art Journal,,VanGogh_Pieta_1889,Religious subject
273,https://gallica.bnf.fr/iiif/ark:/12148/bpt6k4226205f/manifest.json,133,"https://gallica.bnf.fr/iiif/ark:/12148/bpt6k4226205f/f134/1892,1647,1258,1527/full/0/default.jpg",Paris,France,L'Amour de l'art (1920),POINT(2.3513888888889 48.856944444444),1937-01-01,Modern Art Journal,,VanGogh_Pieta_1889,Religious subject
273,https://gallica.bnf.fr/iiif/ark:/12148/bpt6k4226339k/manifest.json,390,"https://gallica.bnf.fr/iiif/ark:/12148/bpt6k4226339k/f391/1150,1394,1572,1915/full/0/default.jpg",Paris,France,L'Amour de l'art (1920),POINT(2.3513888888889 48.856944444444),1924-02-01,Modern Art Journal,,VanGogh_Pieta_1889,Religious subject
252,https://digi.ub.uni-heidelberg.de/diglit/iiif/cicerone1922/manifest.json,651,"https://digi.ub.uni-heidelberg.de/iiif/2/cicerone1922%3A630.jpg/200,1352,1311,935/full/0/default.jpg",Leipzig,Germany,Der Cicerone,POINT(12.375 51.34),1922-01-01,Modern Art Journal,,VanGogh_ThePotatoEaters_1885,scene_genre
252,https://gallica.bnf.fr/iiif/ark:/12148/bpt6k4226205f/manifest.json,137,"https://gallica.bnf.fr/iiif/ark:/12148/bpt6k4226205f/f138/718,1122,2499,1756/full/0/default.jpg",Paris,France,L'Amour de l'art (1920),POINT(2.3513888888889 48.856944444444),1937-01-01,Modern Art Journal,,VanGogh_ThePotatoEaters_1885,scene_genre
252,https://gallica.bnf.fr/iiif/ark:/12148/bpt6k42260903/manifest.json,210,"https://gallica.bnf.fr/iiif/ark:/12148/bpt6k42260903/f211/371,245,2683,1909/full/0/default.jpg",Paris,France,Cahiers d'art (Paris),POINT(2.3513888888889 48.856944444444),1947-01-01,Avant-garde Journal,,VanGogh_ThePotatoEaters_1885,scene_genre
255,https://gallica.bnf.fr/iiif/ark:/12148/bpt6k6126542x/manifest.json,14,"https://gallica.bnf.fr/iiif/ark:/12148/bpt6k6126542x/f15/974,1278,415,602/full/0/default.jpg",Paris,France,Le Bulletin de la vie artistique,POINT(2.3513888888889 48.856944444444),1923-06-01,Modern Art Journal,,VanGogh_Absinthe_1887,nature_morte
258,https://gallica.bnf.fr/iiif/ark:/12148/bpt6k4226339k/manifest.json,389,"https://gallica.bnf.fr/iiif/ark:/12148/bpt6k4226339k/f390/409,623,2778,3724/full/0/default.jpg",Paris,France,L'Amour de l'art (1920),POINT(2.3513888888889 48.856944444444),1924-02-01,Modern Art Journal,,VanGogh_ItalianWoman_1887,Portrait
261,https://gallica.bnf.fr/iiif/ark:/12148/bpt6k42260903/manifest.json,212,"https://gallica.bnf.fr/iiif/ark:/12148/bpt6k42260903/f213/314,595,2917,3309/full/0/default.jpg",Paris,France,Cahiers d'art (Paris),POINT(2.3513888888889 48.856944444444),1947-01-01,Avant-garde Journal,,VanGogh_ViewOfParisFromVincentsRoomInRueLepic_1887,Paysage
261,https://gallica.bnf.fr/iiif/ark:/12148/bpt6k3054836k/manifest.json,630,"https://gallica.bnf.fr/iiif/ark:/12148/bpt6k3054836k/f631/514,2556,1440,1745/full/0/default.jpg",Paris,France,L'Art vivant (Paris. 1925),POINT(2.3513888888889 48.856944444444),1927-01-01,Modern Art Journal,,VanGogh_ViewOfParisFromVincentsRoomInRueLepic_1887,Paysage
264,https://digi.ub.uni-heidelberg.de/diglit/iiif/cicerone1928/manifest.json,423,"https://digi.ub.uni-heidelberg.de/iiif/2/cicerone1928%3A0_394.jpg/459,165,812,1030/full/0/default.jpg",Leipzig,Germany,Der Cicerone,POINT(12.375 51.34),1928-01-01,Modern Art Journal,,VanGogh_Chaise_1889,nature_morte
264,https://gallica.bnf.fr/iiif/ark:/12148/bpt6k4226258k/manifest.json,141,"https://gallica.bnf.fr/iiif/ark:/12148/bpt6k4226258k/f142/2053,2616,1380,1737/full/0/default.jpg",Paris,France,L'Amour de l'art (1920),POINT(2.3513888888889 48.856944444444),1926-01-01,Modern Art Journal,,VanGogh_Chaise_1889,nature_morte
264,https://gallica.bnf.fr/iiif/ark:/12148/bpt6k42260903/manifest.json,253,"https://gallica.bnf.fr/iiif/ark:/12148/bpt6k42260903/f254/681,572,2771,3508/full/0/default.jpg",Paris,France,Cahiers d'art (Paris),POINT(2.3513888888889 48.856944444444),1947-01-01,Avant-garde Journal,,VanGogh_Chaise_1889,nature_morte
264,https://gallica.bnf.fr/iiif/ark:/12148/bpt6k4226339k/manifest.json,493,"https://gallica.bnf.fr/iiif/ark:/12148/bpt6k4226339k/f494/2708,1150,733,961/full/0/default.jpg",Paris,France,L'Amour de l'art (1920),POINT(2.3513888888889 48.856944444444),1924-02-01,Modern Art Journal,,VanGogh_Chaise_1889,nature_morte
264,https://gallica.bnf.fr/iiif/ark:/12148/bpt6k32952s/manifest.json,562,"https://gallica.bnf.fr/iiif/ark:/12148/bpt6k32952s/f563/438,1503,1018,1392/full/0/default.jpg",Paris,France,Documents,POINT(2.3513888888889 48.856944444444),1930-01-01,Avant-garde Journal,,VanGogh_Chaise_1889,nature_morte
267,https://gallica.bnf.fr/iiif/ark:/12148/bpt6k4226205f/manifest.json,149,"https://gallica.bnf.fr/iiif/ark:/12148/bpt6k4226205f/f150/1766,3384,1380,1110/full/0/default.jpg",Paris,France,L'Amour de l'art (1920),POINT(2.3513888888889 48.856944444444),1937-01-01,Modern Art Journal,,VanGogh_StillLifeWithBasketAndSixOranges_1888,nature_morte
115,https://gallica.bnf.fr/iiif/ark:/12148/bpt6k42260903/manifest.json,200,"https://gallica.bnf.fr/iiif/ark:/12148/bpt6k42260903/f201/26,299,1664,1984/full/0/default.jpg",Paris,France,Cahiers d'art (Paris),POINT(2.3513888888889 48.856944444444),1947-01-01,Avant-garde Journal,,VanGogh_AutorportraitOreilleBandee1_1889,autoportrait
115,https://gallica.bnf.fr/iiif/ark:/12148/bpt6k6149130t/manifest.json,39,"https://gallica.bnf.fr/iiif/ark:/12148/bpt6k6149130t/f40/36,251,2038,2457/full/0/default.jpg",Paris,France,Formes,POINT(2.3513888888889 48.856944444444),1930-12-01,Modern Art Journal,,VanGogh_AutorportraitOreilleBandee1_1889,autoportrait
115,https://iiif.unige.ch/dhportal/ug8015395/manifest,10,"https://iiif.unige.ch/iiif/2/fedora_ug8064134;11/290,621,577,746/full/0/default.jpg",Buenos Aires,Argentina,Con V de Vian,POINT(-58.381944444444 -34.599722222222),1995-08-01,Counterculture,,VanGogh_AutorportraitOreilleBandee1_1889,autoportrait
134,https://digi.ub.uni-heidelberg.de/diglit/iiif/samleren1929/manifest.json,131,"https://digi.ub.uni-heidelberg.de/iiif/2/samleren1929%3A068.jpg/386,260,894,713/full/0/default.jpg",Copenhagen,Denmark,Samleren,POINT(12.568888888889 55.676111111111),1929-01-01,Art History,,VanGogh_Semeur_1888,Paysage
134,https://digi.ub.uni-heidelberg.de/diglit/iiif/rhs1996/manifest.json,134,"https://digi.ub.uni-heidelberg.de/iiif/2/rhs1996%3A129.jpg/114,150,1584,1084/full/0/default.jpg",Warsaw,Poland,Rocznik Historii Sztuki,POINT(21.011111111111113 52.23),1996-01-01,Art History,,VanGogh_Semeur_1888,Paysage
134,https://gallica.bnf.fr/iiif/ark:/12148/bpt6k4226205f/manifest.json,160,"https://gallica.bnf.fr/iiif/ark:/12148/bpt6k4226205f/f161/1602,1995,1669,1268/full/0/default.jpg",Paris,France,L'Amour de l'art (1920),POINT(2.3513888888889 48.856944444444),1937-01-01,Modern Art Journal,,VanGogh_Semeur_1888,Paysage
134,https://gallica.bnf.fr/iiif/ark:/12148/bpt6k6149128r/manifest.json,35,"https://gallica.bnf.fr/iiif/ark:/12148/bpt6k6149128r/f36/301,190,2426,1977/full/0/default.jpg",Paris,France,Formes,POINT(2.3513888888889 48.856944444444),1930-11-01,Modern Art Journal,,VanGogh_Semeur_1888,Paysage
135,https://digi.ub.uni-heidelberg.de/diglit/iiif/rhs1966/manifest.json,262,"https://digi.ub.uni-heidelberg.de/iiif/2/rhs1966%3A257.jpg/301,165,1320,1542/full/0/default.jpg",Warsaw,Poland,Rocznik Historii Sztuki,POINT(21.011111111111113 52.23),1966-01-01,Art History,,VanGogh_Arlesienne_1888,Portrait
135,https://digi.ub.uni-heidelberg.de/diglit/iiif/dkd1912/manifest.json,305,"https://digi.ub.uni-heidelberg.de/iiif/2/dkd1912%3A291.jpg/250,281,1574,1995/full/0/default.jpg",Stuttgart,Germany,Deutsche Kunst und Dekoration,POINT(9.1775 48.776111111111),1912-01-01,Decorative Art,,VanGogh_Arlesienne_1888,Portrait
135,https://digi.ub.uni-heidelberg.de/diglit/iiif/dkd1921_1922/manifest.json,338,"https://digi.ub.uni-heidelberg.de/iiif/2/dkd1921_1922%3A313.jpg/226,148,1572,1999/full/0/default.jpg",Stuttgart,Germany,Deutsche Kunst und Dekoration,POINT(9.1775 48.776111111111),1921-01-01,Decorative Art,,VanGogh_Arlesienne_1888,Portrait
135,https://digi.ub.uni-heidelberg.de/diglit/iiif/kunstwanderer1927_1928/manifest.json,501,"https://digi.ub.uni-heidelberg.de/iiif/2/kunstwanderer1927_1928%3A476.jpg/1101,1563,960,1178/full/0/default.jpg",Berlin,Germany,Der Kunstwanderer,POINT(13.383333333333 52.516666666667),1927-01-01,Art Journal,,VanGogh_Arlesienne_1888,Portrait
135,https://digi.ub.uni-heidelberg.de/diglit/iiif/cicerone1912/manifest.json,578,"https://digi.ub.uni-heidelberg.de/iiif/2/cicerone1912%3A547.jpg/873,1350,1054,1432/full/0/default.jpg",Leipzig,Germany,Der Cicerone,POINT(12.375 51.34),1912-01-01,Modern Art Journal,,VanGogh_Arlesienne_1888,Portrait
135,https://digi.ub.uni-heidelberg.de/diglit/iiif/cicerone1922/manifest.json,647,"https://digi.ub.uni-heidelberg.de/iiif/2/cicerone1922%3A626.jpg/220,104,1251,985/full/0/default.jpg",Leipzig,Germany,Der Cicerone,POINT(12.375 51.34),1922-01-01,Modern Art Journal,,VanGogh_Arlesienne_1888,Portrait
135,https://gallica.bnf.fr/iiif/ark:/12148/bpt6k4226205f/manifest.json,143,"https://gallica.bnf.fr/iiif/ark:/12148/bpt6k4226205f/f144/1792,464,1426,1924/full/0/default.jpg",Paris,France,L'Amour de l'art (1920),POINT(2.3513888888889 48.856944444444),1937-01-01,Modern Art Journal,,VanGogh_Arlesienne_1888,Portrait
135,https://gallica.bnf.fr/iiif/ark:/12148/bpt6k61498804/manifest.json,20,"https://gallica.bnf.fr/iiif/ark:/12148/bpt6k61498804/f21/192,217,1998,2472/full/0/default.jpg",Paris,France,Formes,POINT(2.3513888888889 48.856944444444),1932-01-01,Modern Art Journal,,VanGogh_Arlesienne_1888,Portrait
135,https://gallica.bnf.fr/iiif/ark:/12148/bpt6k30563567/manifest.json,216,"https://gallica.bnf.fr/iiif/ark:/12148/bpt6k30563567/f217/899,282,2132,2693/full/0/default.jpg",Paris,France,L'Art vivant (Paris. 1925),POINT(2.3513888888889 48.856944444444),1937-01-01,Modern Art Journal,,VanGogh_Arlesienne_1888,Portrait
135,https://gallica.bnf.fr/iiif/ark:/12148/bpt6k42260903/manifest.json,247,"https://gallica.bnf.fr/iiif/ark:/12148/bpt6k42260903/f248/597,444,3192,3762/full/0/default.jpg",Paris,France,Cahiers d'art (Paris),POINT(2.3513888888889 48.856944444444),1947-01-01,Avant-garde Journal,,VanGogh_Arlesienne_1888,Portrait
135,https://iiif.archivelab.org/iiif/sim_arts-magazine_1940-06-01_14_17/manifest.json,,"https://iiif.archivelab.org/iiif/sim_arts-magazine_1940-06-01_14_17$5/1910,426,1062,1290/full/0/default.jpg",New York City,United States of America,Arts Magazine,POINT(-74.006015 40.712728),1926-01-01,Art Journal,,VanGogh_Arlesienne_1888,Portrait
135,https://iiif.archivelab.org/iiif/sim_arts-magazine_1946-08-01_20_19/manifest.json,,"https://iiif.archivelab.org/iiif/sim_arts-magazine_1946-08-01_20_19$0/653,1419,2333,2408/full/0/default.jpg",New York City,United States of America,Arts Magazine,POINT(-74.006015 40.712728),1926-01-01,Art Journal,,VanGogh_Arlesienne_1888,Portrait
135,https://iiif.archivelab.org/iiif/sim_arts-magazine_1951-11-15_26_4/manifest.json,,"https://iiif.archivelab.org/iiif/sim_arts-magazine_1951-11-15_26_4$18/1118,391,796,1004/full/0/default.jpg",New York City,United States of America,Arts Magazine,POINT(-74.006015 40.712728),1926-01-01,Art Journal,,VanGogh_Arlesienne_1888,Portrait
270,https://gallica.bnf.fr/iiif/ark:/12148/bpt6k42260903/manifest.json,186,"https://gallica.bnf.fr/iiif/ark:/12148/bpt6k42260903/f187/922,2403,1588,1965/full/0/default.jpg",Paris,France,Cahiers d'art (Paris),POINT(2.3513888888889 48.856944444444),1947-01-01,Avant-garde Journal,,VanGogh_PortraitArtisteSansBarbe_1889,Portrait
136,https://digi.ub.uni-heidelberg.de/diglit/iiif/dkd1921_1922/manifest.json,58,"https://digi.ub.uni-heidelberg.de/iiif/2/dkd1921_1922%3A039.jpg/319,304,1569,1861/full/0/default.jpg",Stuttgart,Germany,Deutsche Kunst und Dekoration,POINT(9.1775 48.776111111111),1921-01-01,Decorative Art,,VanGogh_DrGachet_1890,Portrait
136,https://digi.ub.uni-heidelberg.de/diglit/iiif/kunstwanderer1930_1931/manifest.json,357,"https://digi.ub.uni-heidelberg.de/iiif/2/kunstwanderer1930_1931%3A346.jpg/661,115,881,1042/full/0/default.jpg",Berlin,Germany,Der Kunstwanderer,POINT(13.383333333333 52.516666666667),1930-01-01,Art Journal,,VanGogh_DrGachet_1890,Portrait
136,https://digi.ub.uni-heidelberg.de/diglit/iiif/cicerone1912/manifest.json,804,"https://digi.ub.uni-heidelberg.de/iiif/2/cicerone1912%3A763.jpg/406,338,1299,1543/full/0/default.jpg",Leipzig,Germany,Der Cicerone,POINT(12.375 51.34),1912-01-01,Modern Art Journal,,VanGogh_DrGachet_1890,Portrait
136,https://gallica.bnf.fr/iiif/ark:/12148/bpt6k61112882/manifest.json,131,"https://gallica.bnf.fr/iiif/ark:/12148/bpt6k61112882/f132/990,859,959,1159/full/0/default.jpg",Paris,France,Gazette des beaux-arts (Paris. 1859),POINT(2.3513888888889 48.856944444444),1928-01-01,Art Journal,,VanGogh_DrGachet_1890,Portrait
136,https://gallica.bnf.fr/iiif/ark:/12148/bpt6k4226205f/manifest.json,147,"https://gallica.bnf.fr/iiif/ark:/12148/bpt6k4226205f/f148/650,829,2693,3186/full/0/default.jpg",Paris,France,L'Amour de l'art (1920),POINT(2.3513888888889 48.856944444444),1937-01-01,Modern Art Journal,,VanGogh_DrGachet_1890,Portrait
136,https://gallica.bnf.fr/iiif/ark:/12148/bpt6k4226258k/manifest.json,332,"https://gallica.bnf.fr/iiif/ark:/12148/bpt6k4226258k/f333/1741,2625,1482,1749/full/0/default.jpg",Paris,France,L'Amour de l'art (1920),POINT(2.3513888888889 48.856944444444),1926-01-01,Modern Art Journal,,VanGogh_DrGachet_1890,Portrait
137,https://digi.ub.uni-heidelberg.de/diglit/iiif/kunstgewerbeblatt1912/manifest.json,294,"https://digi.ub.uni-heidelberg.de/iiif/2/kunstgewerbeblatt1912%3A288.jpg/1551,1937,475,604/full/0/default.jpg",Leipzig,Germany,Kunstgewerbeblatt,POINT(12.375 51.34),1912-01-01,Decorative Art,,VanGogh_autoportraitAvecPalette_1889,autoportrait
137,https://gallica.bnf.fr/iiif/ark:/12148/bpt6k42260903/manifest.json,202,"https://gallica.bnf.fr/iiif/ark:/12148/bpt6k42260903/f203/68,329,1482,1959/full/0/default.jpg",Paris,France,Cahiers d'art (Paris),POINT(2.3513888888889 48.856944444444),1947-01-01,Avant-garde Journal,,VanGogh_autoportraitAvecPalette_1889,autoportrait
137,https://iiif.archivelab.org/iiif/sim_arts-magazine_1948-04-01_22_13/manifest.json,,"https://iiif.archivelab.org/iiif/sim_arts-magazine_1948-04-01_22_13$12/1003,3067,820,1056/full/0/default.jpg",New York City,United States of America,Arts Magazine,POINT(-74.006015 40.712728),1926-01-01,Art Journal,,VanGogh_autoportraitAvecPalette_1889,autoportrait
138,https://digi.ub.uni-heidelberg.de/diglit/iiif/cicerone1928/manifest.json,101,"https://digi.ub.uni-heidelberg.de/iiif/2/cicerone1928%3A0_072.jpg/413,178,969,892/full/0/default.jpg",Leipzig,Germany,Der Cicerone,POINT(12.375 51.34),1928-01-01,Modern Art Journal,,VanGogh_LangloisBridge_1888,Paysage
138,https://digi.ub.uni-heidelberg.de/diglit/iiif/cicerone1912/manifest.json,282,"https://digi.ub.uni-heidelberg.de/iiif/2/cicerone1912%3A259.jpg/190,416,1692,2297/full/0/default.jpg",Leipzig,Germany,Der Cicerone,POINT(12.375 51.34),1912-01-01,Modern Art Journal,,VanGogh_LangloisBridge_1888,Paysage
138,https://digi.ub.uni-heidelberg.de/diglit/iiif/dkd1921_1922/manifest.json,344,"https://digi.ub.uni-heidelberg.de/iiif/2/dkd1921_1922%3A319.jpg/202,224,1692,2220/full/0/default.jpg",Stuttgart,Germany,Deutsche Kunst und Dekoration,POINT(9.1775 48.776111111111),1921-01-01,Decorative Art,,VanGogh_LangloisBridge_1888,Paysage
138,https://digi.ub.uni-heidelberg.de/diglit/iiif/rheinlande1911/manifest.json,408,"https://digi.ub.uni-heidelberg.de/iiif/2/rheinlande1911%3A375.jpg/89,91,2098,1552/full/0/default.jpg",DÃ¼sseldorf,Germany,Die Rheinlande,POINT(6.7723805555556 51.231144444444),1911-01-01,Art Journal,,VanGogh_LangloisBridge_1888,Paysage
138,https://gallica.bnf.fr/iiif/ark:/12148/bpt6k97952556/manifest.json,164,"https://gallica.bnf.fr/iiif/ark:/12148/bpt6k97952556/f165/63,325,3007,2060/full/0/default.jpg",Paris,France,Cahiers d'art (Paris),POINT(2.3513888888889 48.856944444444),1930-01-01,Avant-garde Journal,,VanGogh_LangloisBridge_1888,Paysage
138,https://gallica.bnf.fr/iiif/ark:/12148/bpt6k4226258k/manifest.json,366,"https://gallica.bnf.fr/iiif/ark:/12148/bpt6k4226258k/f367/728,2534,1914,1794/full/0/default.jpg",Paris,France,L'Amour de l'art (1920),POINT(2.3513888888889 48.856944444444),1926-01-01,Modern Art Journal,,VanGogh_LangloisBridge_1888,Paysage
138,https://gallica.bnf.fr/iiif/ark:/12148/bpt6k32952s/manifest.json,395,"https://gallica.bnf.fr/iiif/ark:/12148/bpt6k32952s/f396/600,574,1495,1392/full/0/default.jpg",Paris,France,Documents,POINT(2.3513888888889 48.856944444444),1930-01-01,Avant-garde Journal,,VanGogh_LangloisBridge_1888,Paysage
139,https://digi.ub.uni-heidelberg.de/diglit/iiif/cicerone1926/manifest.json,132,"https://digi.ub.uni-heidelberg.de/iiif/2/cicerone1926%3A0_117.jpg/85,217,1297,1614/full/0/default.jpg",Leipzig,Germany,Der Cicerone,POINT(12.375 51.34),1926-01-01,Modern Art Journal,,VanGogh_portraitDocteurRay_1889,portrait
139,https://digi.ub.uni-heidelberg.de/diglit/iiif/cicerone1921/manifest.json,420,"https://digi.ub.uni-heidelberg.de/iiif/2/cicerone1921%3A391.jpg/343,157,843,1023/full/0/default.jpg",Leipzig,Germany,Der Cicerone,POINT(12.375 51.34),1921-01-01,Modern Art Journal,,VanGogh_portraitDocteurRay_1889,portrait
139,https://gallica.bnf.fr/iiif/ark:/12148/bpt6k4226254x/manifest.json,464,"https://gallica.bnf.fr/iiif/ark:/12148/bpt6k4226254x/f465/156,373,3273,3989/full/0/default.jpg",Paris,France,L'Amour de l'art (1920),POINT(2.3513888888889 48.856944444444),1925-01-01,Modern Art Journal,,VanGogh_portraitDocteurRay_1889,portrait
276,https://digi.ub.uni-heidelberg.de/diglit/iiif/samleren1929/manifest.json,133,"https://digi.ub.uni-heidelberg.de/iiif/2/samleren1929%3A070.jpg/383,276,889,1018/full/0/default.jpg",Copenhagen,Denmark,Samleren,POINT(12.568888888889 55.676111111111),1929-01-01,Art History,,VanGogh_AutoportraitOreilleBandee_1889,autoportrait
276,https://digi.ub.uni-heidelberg.de/diglit/iiif/cicerone1922/manifest.json,646,"https://digi.ub.uni-heidelberg.de/iiif/2/cicerone1922%3A625.jpg/209,1223,1109,985/full/0/default.jpg",Leipzig,Germany,Der Cicerone,POINT(12.375 51.34),1922-01-01,Modern Art Journal,,VanGogh_AutoportraitOreilleBandee_1889,autoportrait
276,https://gallica.bnf.fr/iiif/ark:/12148/bpt6k4226254x/manifest.json,128,"https://gallica.bnf.fr/iiif/ark:/12148/bpt6k4226254x/f129/242,725,3009,3483/full/0/default.jpg",Paris,France,L'Amour de l'art (1920),POINT(2.3513888888889 48.856944444444),1925-01-01,Modern Art Journal,,VanGogh_AutoportraitOreilleBandee_1889,autoportrait
276,https://gallica.bnf.fr/iiif/ark:/12148/bpt6k4226205f/manifest.json,141,"https://gallica.bnf.fr/iiif/ark:/12148/bpt6k4226205f/f142/473,451,1033,1199/full/0/default.jpg",Paris,France,L'Amour de l'art (1920),POINT(2.3513888888889 48.856944444444),1937-01-01,Modern Art Journal,,VanGogh_AutoportraitOreilleBandee_1889,autoportrait
276,https://gallica.bnf.fr/iiif/ark:/12148/bpt6k42260903/manifest.json,200,"https://gallica.bnf.fr/iiif/ark:/12148/bpt6k42260903/f201/1756,323,1741,1968/full/0/default.jpg",Paris,France,Cahiers d'art (Paris),POINT(2.3513888888889 48.856944444444),1947-01-01,Avant-garde Journal,,VanGogh_AutoportraitOreilleBandee_1889,autoportrait
276,https://gallica.bnf.fr/iiif/ark:/12148/bpt6k4226049x/manifest.json,216,"https://gallica.bnf.fr/iiif/ark:/12148/bpt6k4226049x/f217/234,716,3015,3490/full/0/default.jpg",Paris,France,L'Amour de l'art (1920),POINT(2.3513888888889 48.856944444444),1922-01-01,Modern Art Journal,,VanGogh_AutoportraitOreilleBandee_1889,autoportrait
276,https://gallica.bnf.fr/iiif/ark:/12148/bpt6k61114257/manifest.json,236,"https://gallica.bnf.fr/iiif/ark:/12148/bpt6k61114257/f237/745,864,1068,1247/full/0/default.jpg",Paris,France,L'Art et les artistes,POINT(2.3513888888889 48.856944444444),1907-10-01,Art Journal,,VanGogh_AutoportraitOreilleBandee_1889,autoportrait
276,https://gallica.bnf.fr/iiif/ark:/12148/bpt6k3054590b/manifest.json,444,"https://gallica.bnf.fr/iiif/ark:/12148/bpt6k3054590b/f445/81,2597,1427,1659/full/0/default.jpg",Paris,France,L'Art vivant (Paris. 1925),POINT(2.3513888888889 48.856944444444),1925-01-01,Modern Art Journal,,VanGogh_AutoportraitOreilleBandee_1889,autoportrait
276,https://iiif.unige.ch/dhportal/ug27811114/manifest,47,"https://iiif.unige.ch/iiif/2/fedora_ug27810771;48/190,1072,596,873/full/0/default.jpg",London,United Kingdom,Modern Publicity,POINT(-0.1275 51.507222222222),1983-01-01,Illustrated Magazine,,VanGogh_AutoportraitOreilleBandee_1889,autoportrait
276,https://iiif.unige.ch/dhportal/ug8004552/manifest,5,"https://iiif.unige.ch/iiif/2/fedora_ug8046354;6/59,582,312,358/full/0/default.jpg",Lleida,Spain,Art : revista internacional de les arts,POINT(0.62218 41.61674),1934-01-01,Avant-garde Journal,,VanGogh_AutoportraitOreilleBandee_1889,autoportrait
279,https://digi.ub.uni-heidelberg.de/diglit/iiif/cicerone1927/manifest.json,75,"https://digi.ub.uni-heidelberg.de/iiif/2/cicerone1927%3A00_054.jpg/364,177,1131,1416/full/0/default.jpg",Leipzig,Germany,Der Cicerone,POINT(12.375 51.34),1927-01-01,Modern Art Journal,,VanGogh_TwoCypresses_1889,Paysage
279,https://digi.ub.uni-heidelberg.de/diglit/iiif/dkd1926_1927/manifest.json,343,"https://digi.ub.uni-heidelberg.de/iiif/2/dkd1926_1927%3A336.jpg/449,205,1207,1505/full/0/default.jpg",Stuttgart,Germany,Deutsche Kunst und Dekoration,POINT(9.1775 48.776111111111),1926-01-01,Decorative Art,,VanGogh_TwoCypresses_1889,Paysage
279,https://digi.ub.uni-heidelberg.de/diglit/iiif/cicerone1922/manifest.json,675,"https://digi.ub.uni-heidelberg.de/iiif/2/cicerone1922%3A654.jpg/431,837,918,1219/full/0/default.jpg",Leipzig,Germany,Der Cicerone,POINT(12.375 51.34),1922-01-01,Modern Art Journal,,VanGogh_TwoCypresses_1889,Paysage
279,https://gallica.bnf.fr/iiif/ark:/12148/bpt6k3054836k/manifest.json,630,"https://gallica.bnf.fr/iiif/ark:/12148/bpt6k3054836k/f631/2165,2513,1295,1776/full/0/default.jpg",Paris,France,L'Art vivant (Paris. 1925),POINT(2.3513888888889 48.856944444444),1927-01-01,Modern Art Journal,,VanGogh_TwoCypresses_1889,Paysage
279,https://iiif.unige.ch/dhportal/ug8072027/manifest,50,"https://iiif.unige.ch/iiif/2/fedora_ug8082830;51/82,175,934,1162/full/0/default.jpg",New York City,United States of America,Camera Work,POINT(-74.006015 40.712728),1913-06-01,Photography,,VanGogh_TwoCypresses_1889,Paysage
282,https://iiif.unige.ch/dhportal/ug8025333/manifest,0,"https://iiif.unige.ch/iiif/2/fedora_ug8073947;1/70,300,1163,1364/full/0/default.jpg",Barcelona,Spain,Revista Nova,POINT(2.1769444444444 41.3825),1914-10-08,Humour,,VanGogh_PortraitAdelineRavoux_1890,Portrait
285,https://digi.ub.uni-heidelberg.de/diglit/iiif/dkd1928_1929/manifest.json,220,"https://digi.ub.uni-heidelberg.de/iiif/2/dkd1928_1929%3A211.jpg/146,169,1511,1174/full/0/default.jpg",Stuttgart,Germany,Deutsche Kunst und Dekoration,POINT(9.1775 48.776111111111),1928-01-01,Decorative Art,,VanGogh_TheRaisingOfLazarusAfterRembrandt_1890,Religious subject
285,https://digi.ub.uni-heidelberg.de/diglit/iiif/cicerone1922/manifest.json,658,"https://digi.ub.uni-heidelberg.de/iiif/2/cicerone1922%3A637.jpg/132,1398,1280,979/full/0/default.jpg",Leipzig,Germany,Der Cicerone,POINT(12.375 51.34),1922-01-01,Modern Art Journal,,VanGogh_TheRaisingOfLazarusAfterRembrandt_1890,Religious subject
285,https://gallica.bnf.fr/iiif/ark:/12148/bpt6k4226205f/manifest.json,133,"https://gallica.bnf.fr/iiif/ark:/12148/bpt6k4226205f/f134/1839,446,1352,1018/full/0/default.jpg",Paris,France,L'Amour de l'art (1920),POINT(2.3513888888889 48.856944444444),1937-01-01,Modern Art Journal,,VanGogh_TheRaisingOfLazarusAfterRembrandt_1890,Religious subject
285,https://gallica.bnf.fr/iiif/ark:/12148/bpt6k4226339k/manifest.json,391,"https://gallica.bnf.fr/iiif/ark:/12148/bpt6k4226339k/f392/631,531,2380,1783/full/0/default.jpg",Paris,France,L'Amour de l'art (1920),POINT(2.3513888888889 48.856944444444),1924-02-01,Modern Art Journal,,VanGogh_TheRaisingOfLazarusAfterRembrandt_1890,Religious subject
250,https://digi.ub.uni-heidelberg.de/diglit/iiif/cicerone1927/manifest.json,122,"https://digi.ub.uni-heidelberg.de/iiif/2/cicerone1927%3A00_101.jpg/172,1351,614,780/full/0/default.jpg",Leipzig,Germany,Der Cicerone,POINT(12.375 51.34),1927-01-01,Modern Art Journal,,VanGogh_HeadofPeasantWomanWithCap_1884,Portrait
253,https://digi.ub.uni-heidelberg.de/diglit/iiif/cicerone1929/manifest.json,56,"https://digi.ub.uni-heidelberg.de/iiif/2/cicerone1929%3A00_029.jpg/283,191,1260,1044/full/0/default.jpg",Leipzig,Germany,Der Cicerone,POINT(12.375 51.34),1929-01-01,Modern Art Journal,,VanGogh_MoulinDeLaGalette_1886,Paysage
253,https://gallica.bnf.fr/iiif/ark:/12148/bpt6k61114272/manifest.json,351,"https://gallica.bnf.fr/iiif/ark:/12148/bpt6k61114272/f352/571,951,1389,1213/full/0/default.jpg",Paris,France,Gazette des beaux-arts (Paris. 1859),POINT(2.3513888888889 48.856944444444),1938-01-01,Art Journal,,VanGogh_MoulinDeLaGalette_1886,Paysage
253,https://gallica.bnf.fr/iiif/ark:/12148/bpt6k61491295/manifest.json,39,"https://gallica.bnf.fr/iiif/ark:/12148/bpt6k61491295/f40/789,2410,1230,964/full/0/default.jpg",Paris,France,La Renaissance,POINT(2.3513888888889 48.856944444444),1937-01-01,Art Journal,,VanGogh_MoulinDeLaGalette_1886,Paysage
256,https://gallica.bnf.fr/iiif/ark:/12148/bpt6k4226205f/manifest.json,140,"https://gallica.bnf.fr/iiif/ark:/12148/bpt6k4226205f/f141/301,3376,1376,1090/full/0/default.jpg",Paris,France,L'Amour de l'art (1920),POINT(2.3513888888889 48.856944444444),1937-01-01,Modern Art Journal,,VanGogh_FishingInTheSpring_1887,scene_genre
236,https://gallica.bnf.fr/iiif/ark:/12148/bpt6k4226205f/manifest.json,156,"https://gallica.bnf.fr/iiif/ark:/12148/bpt6k4226205f/f157/284,3337,1515,1106/full/0/default.jpg",Paris,France,L'Amour de l'art (1920),POINT(2.3513888888889 48.856944444444),1937-01-01,Modern Art Journal,,VanGogh_NuitEtoilee_1889,Paysage
236,https://gallica.bnf.fr/iiif/ark:/12148/bpt6k9768125t/manifest.json,256,"https://gallica.bnf.fr/iiif/ark:/12148/bpt6k9768125t/f257/228,619,2435,1978/full/0/default.jpg",Paris,France,Gazette des beaux-arts (Paris. 1859),POINT(2.3513888888889 48.856944444444),1943-07-01,Art Journal,,VanGogh_NuitEtoilee_1889,Paysage
236,https://gallica.bnf.fr/iiif/ark:/12148/bpt6k42260903/manifest.json,277,"https://gallica.bnf.fr/iiif/ark:/12148/bpt6k42260903/f278/372,423,3323,2633/full/0/default.jpg",Paris,France,Cahiers d'art (Paris),POINT(2.3513888888889 48.856944444444),1947-01-01,Avant-garde Journal,,VanGogh_NuitEtoilee_1889,Paysage
236,https://gallica.bnf.fr/iiif/ark:/12148/bpt6k61016833/manifest.json,45,"https://gallica.bnf.fr/iiif/ark:/12148/bpt6k61016833/f46/480,1539,1394,1099/full/0/default.jpg",Paris,France,Formes,POINT(2.3513888888889 48.856944444444),1929-12-01,Modern Art Journal,,VanGogh_NuitEtoilee_1889,Paysage
236,https://iiif.unige.ch/dhportal/ug8012304/manifest,75,"https://iiif.unige.ch/iiif/2/fedora_ug8098433;76/81,143,650,524/full/0/default.jpg",Buenos Aires,Argentina,El Escarabajo de Oro,POINT(-58.381944444444 -34.599722222222),1966-07-01,Politics,,VanGogh_NuitEtoilee_1889,Paysage
259,https://gallica.bnf.fr/iiif/ark:/12148/bpt6k42260903/manifest.json,220,"https://gallica.bnf.fr/iiif/ark:/12148/bpt6k42260903/f221/177,405,3238,3962/full/0/default.jpg",Paris,France,Cahiers d'art (Paris),POINT(2.3513888888889 48.856944444444),1947-01-01,Avant-garde Journal,,VanGogh_StillLifeWithPlasterStatuette_1887,nature_morte
262,https://gallica.bnf.fr/iiif/ark:/12148/bpt6k42260903/manifest.json,226,"https://gallica.bnf.fr/iiif/ark:/12148/bpt6k42260903/f227/83,389,3362,3954/full/0/default.jpg",Paris,France,Cahiers d'art (Paris),POINT(2.3513888888889 48.856944444444),1947-01-01,Avant-garde Journal,,VanGogh_WomanInTheCafeTambourin_1887,Portrait
265,https://digi.ub.uni-heidelberg.de/diglit/iiif/cicerone1928/manifest.json,104,"https://digi.ub.uni-heidelberg.de/iiif/2/cicerone1928%3A0_075.jpg/253,194,907,1171/full/0/default.jpg",Leipzig,Germany,Der Cicerone,POINT(12.375 51.34),1928-01-01,Modern Art Journal,,VanGogh_PortaitPereTanguy_1888,Portrait
265,https://digi.ub.uni-heidelberg.de/diglit/iiif/samleren1928/manifest.json,147,"https://digi.ub.uni-heidelberg.de/iiif/2/samleren1928%3A0_080_bf.jpg/721,587,1134,1498/full/0/default.jpg",Copenhagen,Denmark,Samleren,POINT(12.568888888889 55.676111111111),1928-01-01,Art History,,VanGogh_PortaitPereTanguy_1888,Portrait
265,https://gallica.bnf.fr/iiif/ark:/12148/bpt6k4226205f/manifest.json,140,"https://gallica.bnf.fr/iiif/ark:/12148/bpt6k4226205f/f141/429,1744,1117,1430/full/0/default.jpg",Paris,France,L'Amour de l'art (1920),POINT(2.3513888888889 48.856944444444),1937-01-01,Modern Art Journal,,VanGogh_PortaitPereTanguy_1888,Portrait
265,https://gallica.bnf.fr/iiif/ark:/12148/bpt6k42260903/manifest.json,224,"https://gallica.bnf.fr/iiif/ark:/12148/bpt6k42260903/f225/375,487,2784,3636/full/0/default.jpg",Paris,France,Cahiers d'art (Paris),POINT(2.3513888888889 48.856944444444),1947-01-01,Avant-garde Journal,,VanGogh_PortaitPereTanguy_1888,Portrait
265,https://gallica.bnf.fr/iiif/ark:/12148/bpt6k61265470/manifest.json,6,"https://gallica.bnf.fr/iiif/ark:/12148/bpt6k61265470/f7/804,1212,521,689/full/0/default.jpg",Paris,France,Le Bulletin de la vie artistique,POINT(2.3513888888889 48.856944444444),1923-07-15,Modern Art Journal,,VanGogh_PortaitPereTanguy_1888,Portrait
268,https://gallica.bnf.fr/iiif/ark:/12148/bpt6k42260903/manifest.json,240,"https://gallica.bnf.fr/iiif/ark:/12148/bpt6k42260903/f241/273,480,3028,3761/full/0/default.jpg",Paris,France,Cahiers d'art (Paris),POINT(2.3513888888889 48.856944444444),1947-01-01,Avant-garde Journal,,VanGogh_Zouave_1888,Portrait
271,https://gallica.bnf.fr/iiif/ark:/12148/bpt6k4226339k/manifest.json,393,"https://gallica.bnf.fr/iiif/ark:/12148/bpt6k4226339k/f394/319,2915,1913,1490/full/0/default.jpg",Paris,France,L'Amour de l'art (1920),POINT(2.3513888888889 48.856944444444),1924-02-01,Modern Art Journal,,VanGogh_CrabOnItsBack_1889,nature_morte
274,https://gallica.bnf.fr/iiif/ark:/12148/bpt6k4226205f/manifest.json,146,"https://gallica.bnf.fr/iiif/ark:/12148/bpt6k4226205f/f147/689,1782,1110,1423/full/0/default.jpg",Paris,France,L'Amour de l'art (1920),POINT(2.3513888888889 48.856944444444),1937-01-01,Modern Art Journal,,VanGogh_PineTreesWithFigureInTheGardenOfSaintPaulHospital_1889,Paysage
274,https://gallica.bnf.fr/iiif/ark:/12148/bpt6k30563567/manifest.json,217,"https://gallica.bnf.fr/iiif/ark:/12148/bpt6k30563567/f218/916,2815,1579,2112/full/0/default.jpg",Paris,France,L'Art vivant (Paris. 1925),POINT(2.3513888888889 48.856944444444),1937-01-01,Modern Art Journal,,VanGogh_PineTreesWithFigureInTheGardenOfSaintPaulHospital_1889,Paysage
274,https://gallica.bnf.fr/iiif/ark:/12148/bpt6k42260903/manifest.json,270,"https://gallica.bnf.fr/iiif/ark:/12148/bpt6k42260903/f271/230,412,3021,3831/full/0/default.jpg",Paris,France,Cahiers d'art (Paris),POINT(2.3513888888889 48.856944444444),1947-01-01,Avant-garde Journal,,VanGogh_PineTreesWithFigureInTheGardenOfSaintPaulHospital_1889,Paysage
289,https://gallica.bnf.fr/iiif/ark:/12148/bpt6k42260903/manifest.json,276,"https://gallica.bnf.fr/iiif/ark:/12148/bpt6k42260903/f277/349,511,2764,3616/full/0/default.jpg",Paris,France,Cahiers d'art (Paris),POINT(2.3513888888889 48.856944444444),1947-01-01,Avant-garde Journal,,VanGogh_YoungManWithCornflower_1890,Portrait
289,https://gallica.bnf.fr/iiif/ark:/12148/bpt6k97952378/manifest.json,356,"https://gallica.bnf.fr/iiif/ark:/12148/bpt6k97952378/f357/237,573,2789,3640/full/0/default.jpg",Paris,France,Cahiers d'art (Paris),POINT(2.3513888888889 48.856944444444),1927-01-01,Avant-garde Journal,,VanGogh_YoungManWithCornflower_1890,Portrait
251,https://digi.ub.uni-heidelberg.de/diglit/iiif/cicerone1927/manifest.json,124,"https://digi.ub.uni-heidelberg.de/iiif/2/cicerone1927%3A00_103.jpg/289,187,1050,838/full/0/default.jpg",Leipzig,Germany,Der Cicerone,POINT(12.375 51.34),1927-01-01,Modern Art Journal,,VanGogh_PeasantAndPeasantWomanPlantingPotatoes_1885,scene_genre
254,https://gallica.bnf.fr/iiif/ark:/12148/bpt6k42260903/manifest.json,190,"https://gallica.bnf.fr/iiif/ark:/12148/bpt6k42260903/f191/1909,333,1452,1962/full/0/default.jpg",Paris,France,Cahiers d'art (Paris),POINT(2.3513888888889 48.856944444444),1947-01-01,Avant-garde Journal,,VanGogh_Autoportrait_1886,autoportrait
257,https://digi.ub.uni-heidelberg.de/diglit/iiif/samleren1929/manifest.json,131,"https://digi.ub.uni-heidelberg.de/iiif/2/samleren1929%3A068.jpg/386,2060,881,713/full/0/default.jpg",Copenhagen,Denmark,Samleren,POINT(12.568888888889 55.676111111111),1929-01-01,Art History,,VanGogh_InteriorOfARestaurant_1887,scene_genre
260,https://digi.ub.uni-heidelberg.de/diglit/iiif/samleren1929/manifest.json,132,"https://digi.ub.uni-heidelberg.de/iiif/2/samleren1929%3A069.jpg/282,1628,895,1134/full/0/default.jpg",Copenhagen,Denmark,Samleren,POINT(12.568888888889 55.676111111111),1929-01-01,Art History,,VanGogh_SeineWithPontDeClichy,Paysage
260,https://gallica.bnf.fr/iiif/ark:/12148/bpt6k6111124s/manifest.json,29,"https://gallica.bnf.fr/iiif/ark:/12148/bpt6k6111124s/f30/791,255,425,508/full/0/default.jpg",Paris,France,Le Bulletin de la vie artistique,POINT(2.3513888888889 48.856944444444),1920-12-15,Modern Art Journal,,VanGogh_SeineWithPontDeClichy,Paysage
263,https://digi.ub.uni-heidelberg.de/diglit/iiif/cicerone1928/manifest.json,103,"https://digi.ub.uni-heidelberg.de/iiif/2/cicerone1928%3A0_074.jpg/454,174,892,1115/full/0/default.jpg",Leipzig,Germany,Der Cicerone,POINT(12.375 51.34),1928-01-01,Modern Art Journal,,VanGogh_PaulGauginArmchair_1888,nature_morte
263,https://digi.ub.uni-heidelberg.de/diglit/iiif/rhs1966/manifest.json,270,"https://digi.ub.uni-heidelberg.de/iiif/2/rhs1966%3A265.jpg/331,200,1291,1589/full/0/default.jpg",Warsaw,Poland,Rocznik Historii Sztuki,POINT(21.011111111111113 52.23),1966-01-01,Art History,,VanGogh_PaulGauginArmchair_1888,nature_morte
263,https://gallica.bnf.fr/iiif/ark:/12148/bpt6k42260903/manifest.json,252,"https://gallica.bnf.fr/iiif/ark:/12148/bpt6k42260903/f253/376,577,2760,3578/full/0/default.jpg",Paris,France,Cahiers d'art (Paris),POINT(2.3513888888889 48.856944444444),1947-01-01,Avant-garde Journal,,VanGogh_PaulGauginArmchair_1888,nature_morte
263,https://gallica.bnf.fr/iiif/ark:/12148/bpt6k32952s/manifest.json,563,"https://gallica.bnf.fr/iiif/ark:/12148/bpt6k32952s/f564/1178,598,1044,1427/full/0/default.jpg",Paris,France,Documents,POINT(2.3513888888889 48.856944444444),1930-01-01,Avant-garde Journal,,VanGogh_PaulGauginArmchair_1888,nature_morte
266,https://digi.ub.uni-heidelberg.de/diglit/iiif/jugend1929/manifest.json,265,"https://digi.ub.uni-heidelberg.de/iiif/2/jugend1929%3A265.jpg/342,556,2410,3027/full/0/default.jpg",Munich,Germany,Jugend,POINT(11.575 48.1375),1929-01-01,Modern Art Journal,,VanGogh_PorrtaitCamilleRoulin_1888,Portrait
266,https://gallica.bnf.fr/iiif/ark:/12148/bpt6k42260903/manifest.json,250,"https://gallica.bnf.fr/iiif/ark:/12148/bpt6k42260903/f251/118,537,3147,3534/full/0/default.jpg",Paris,France,Cahiers d'art (Paris),POINT(2.3513888888889 48.856944444444),1947-01-01,Avant-garde Journal,,VanGogh_PorrtaitCamilleRoulin_1888,Portrait
269,https://gallica.bnf.fr/iiif/ark:/12148/bpt6k42260903/manifest.json,271,"https://gallica.bnf.fr/iiif/ark:/12148/bpt6k42260903/f272/508,420,3109,2433/full/0/default.jpg",Paris,France,Cahiers d'art (Paris),POINT(2.3513888888889 48.856944444444),1947-01-01,Avant-garde Journal,,VanGogh_AMEadowInTheMountainsLeMAsDeSaintPaul_1889,Paysage
272,https://gallica.bnf.fr/iiif/ark:/12148/bpt6k4226205f/manifest.json,145,"https://gallica.bnf.fr/iiif/ark:/12148/bpt6k4226205f/f146/1656,3037,1860,1471/full/0/default.jpg",Paris,France,L'Amour de l'art (1920),POINT(2.3513888888889 48.856944444444),1937-01-01,Modern Art Journal,,VanGogh_Iris_1889,Paysage
275,https://gallica.bnf.fr/iiif/ark:/12148/bpt6k4226205f/manifest.json,134,"https://gallica.bnf.fr/iiif/ark:/12148/bpt6k4226205f/f135/164,3267,879,1186/full/0/default.jpg",Paris,France,L'Amour de l'art (1920),POINT(2.3513888888889 48.856944444444),1937-01-01,Modern Art Journal,,VanGogh_ShaefBinder_1889,scene_genre
275,https://gallica.bnf.fr/iiif/ark:/12148/bpt6k30563567/manifest.json,217,"https://gallica.bnf.fr/iiif/ark:/12148/bpt6k30563567/f218/719,79,1773,2064/full/0/default.jpg",Paris,France,L'Art vivant (Paris. 1925),POINT(2.3513888888889 48.856944444444),1937-01-01,Modern Art Journal,,VanGogh_ShaefBinder_1889,scene_genre
275,https://gallica.bnf.fr/iiif/ark:/12148/bpt6k42260903/manifest.json,264,"https://gallica.bnf.fr/iiif/ark:/12148/bpt6k42260903/f265/305,385,2897,3923/full/0/default.jpg",Paris,France,Cahiers d'art (Paris),POINT(2.3513888888889 48.856944444444),1947-01-01,Avant-garde Journal,,VanGogh_ShaefBinder_1889,scene_genre
275,https://gallica.bnf.fr/iiif/ark:/12148/bpt6k30586861/manifest.json,412,"https://gallica.bnf.fr/iiif/ark:/12148/bpt6k30586861/f413/1994,161,1709,2490/full/0/default.jpg",Paris,France,L'Art vivant (Paris. 1925),POINT(2.3513888888889 48.856944444444),1932-01-01,Modern Art Journal,,VanGogh_ShaefBinder_1889,scene_genre
281,https://digi.ub.uni-heidelberg.de/diglit/iiif/rhs1966/manifest.json,261,"https://digi.ub.uni-heidelberg.de/iiif/2/rhs1966%3A256.jpg/1058,190,830,1008/full/0/default.jpg",Warsaw,Poland,Rocznik Historii Sztuki,POINT(21.011111111111113 52.23),1966-01-01,Art History,,VanGogh_ArlesiennePortraitMadameGinoux_1890,Portrait
281,https://digi.ub.uni-heidelberg.de/diglit/iiif/dkd1921_1922/manifest.json,335,"https://digi.ub.uni-heidelberg.de/iiif/2/dkd1921_1922%3A310.jpg/268,277,1616,1922/full/0/default.jpg",Stuttgart,Germany,Deutsche Kunst und Dekoration,POINT(9.1775 48.776111111111),1921-01-01,Decorative Art,,VanGogh_ArlesiennePortraitMadameGinoux_1890,Portrait
281,https://gallica.bnf.fr/iiif/ark:/12148/bpt6k4226205f/manifest.json,164,"https://gallica.bnf.fr/iiif/ark:/12148/bpt6k4226205f/f165/410,596,972,1197/full/0/default.jpg",Paris,France,L'Amour de l'art (1920),POINT(2.3513888888889 48.856944444444),1937-01-01,Modern Art Journal,,VanGogh_ArlesiennePortraitMadameGinoux_1890,Portrait
281,https://iiif.archivelab.org/iiif/sim_carnegie_1943-02_16_9/manifest.json,17,"https://iiif.archivelab.org/iiif/sim_carnegie_1943-02_16_9$17/844,1972,789,951/full/0/default.jpg",Pittsburgh,United States of America,Carnegie,POINT(-80 40.44166666666667),1943-02-01,Philanthropy,,VanGogh_ArlesiennePortraitMadameGinoux_1890,Portrait
284,https://iiif.unige.ch/dhportal/ug8084702/manifest,57,"https://iiif.unige.ch/iiif/2/fedora_ug8042454;58/896,95,385,411/full/0/default.jpg",Buenos Aires,Argentina,El Amante. Cine,POINT(-58.381944444444 -34.599722222222),2002-05-01,Cinema,,VanGogh_EgliseAuversSurOise_1890,Rural scene
287,https://digi.ub.uni-heidelberg.de/diglit/iiif/cicerone1926/manifest.json,532,"https://digi.ub.uni-heidelberg.de/iiif/2/cicerone1926%3A0_513.jpg/104,170,1229,982/full/0/default.jpg",Leipzig,Germany,Der Cicerone,POINT(12.375 51.34),1926-01-01,Modern Art Journal,,VanGogh_YoungPEasantGirlInAStraxHatSittingInFrontOfAWheatfield_1890,Portrait
287,https://gallica.bnf.fr/iiif/ark:/12148/bpt6k3060547c/manifest.json,271,"https://gallica.bnf.fr/iiif/ark:/12148/bpt6k3060547c/f272/1791,2422,1573,2008/full/0/default.jpg",Paris,France,L'Art vivant (Paris. 1925),POINT(2.3513888888889 48.856944444444),1938-01-01,Modern Art Journal,,VanGogh_YoungPEasantGirlInAStraxHatSittingInFrontOfAWheatfield_1890,Portrait
287,https://gallica.bnf.fr/iiif/ark:/12148/bpt6k9796461x/manifest.json,61,"https://gallica.bnf.fr/iiif/ark:/12148/bpt6k9796461x/f62/421,559,2941,3680/full/0/default.jpg",Paris,France,Cahiers d'art (Paris),POINT(2.3513888888889 48.856944444444),1932-01-01,Avant-garde Journal,,VanGogh_YoungPEasantGirlInAStraxHatSittingInFrontOfAWheatfield_1890,Portrait
